{
    "prc": [
        {
            "precision": 0.5081967213114754,
            "recall": 1.0,
            "threshold": 0
        },
        {
            "precision": 0.7,
            "recall": 0.9032258064516129,
            "threshold": 1
        }
    ]
}