{
    "train_score": 70.24793388429752,
    "test_score": 75.40983606557377,
    "roc_auc": 0.8870967741935484,
    "Precision": [
        0.5081967213114754,
        0.7,
        1.0
    ],
    "Recall": [
        1.0,
        0.9032258064516129,
        0.0
    ],
    "Average precision": 0.6814383923849815,
    "Model Accuracy": 0.7540983606557377
}